Time,ueId,assoCell,compCell,upWlMea,upWlStd,upWlMin,upWlMax,upWdMea,upWdStd,upWdMin,upWdMax,queMea,queStd,queMin,queMax,compMea, compStd, compMin, compMax,dnWdMea, dnWdStd, dnWdMin, dnWdMax,dnWlMea,dnWlStd, dnWlMin, dnWlMax
1.74,2,2,2,11.0482,0.250149,10.9107,11.75,0,0,0,0,0,0,0,0,9,0,9,9,0,0,0,0,0.841073,0.0361577,0.803573,0.892858,
1.74,3,3,2,12.6929,1.27944,11.6786,15.4286,0.50006,4.00362e-05,0.500009,0.500135,0,0,0,0,9,0,9,9,0.500005,0,0.500005,0.500005,0.817793,0.0345049,0.803433,0.910638,
1.74,4,3,2,12.8464,2.32841,10.5893,16.4464,0.500104,4.37218e-05,0.500063,0.50018,0,0,0,0,9,0,9,9,0.500005,0,0.500005,0.500005,3.70346,5.70474,0.892781,19.3392,
2.10175,1,2,6,21.8187,4.68635,11.0179,24.7116,0,0,0,0,0,0,0,0,9,0,9,9,0,0,0,0,10.7081,4.15856,0.892858,12.4062,
2.10175,2,2,6,21.8979,4.75974,11,25.1982,0,0,0,0,0,0,0,0,9,0,9,9,0,0,0,0,10.7054,4.18771,0.82143,12.4205,
2.10175,3,3,6,24.5822,6.35662,11.4286,33.951,0.0714331,0.18158,0,0.500036,0,0,0,0,9,0,9,9,0.0714293,0.18157,0,0.500005,10.7826,4.23863,0.803532,13.408,
2.10175,4,3,6,23.4964,5.97204,10.8571,31.8608,0.0714324,0.181578,0,0.500045,0,0,0,0,9,0,9,9,0.0714293,0.18157,0,0.500005,10.8288,4.21276,0.892844,13.2999,
