Time,ueId,assoCell,compCell,upWlMea,upWlStd,upWlMin,upWlMax,upWdMea,upWdStd,upWdMin,upWdMax,queMea,queStd,queMin,queMax,compMea, compStd, compMin, compMax,dnWdMea, dnWdStd, dnWdMin, dnWdMax,dnWlMea,dnWlStd, dnWlMin, dnWlMax
1.5,2,2,6,14.9227,6.95285,10.8617,22.951,11.5,0,11.5,11.5,0,0,0,0,9,0,9,9,11.5,0,11.5,11.5,1.43446,0.445546,0.924032,1.74546,
1.5,3,3,6,16.6474,8.02827,11.4492,25.8938,11.5,0,11.5,11.5,0,0,0,0,9,0,9,9,11.5,0,11.5,11.5,1.68594,0.432589,1.18656,1.94545,
1.5,4,3,6,15.3045,6.64907,10.8661,22.9492,11.5,0,11.5,11.5,0,0,0,0,9,0,9,9,11.5,0,11.5,11.5,3.37404,4.15312,0.955301,8.16959,
2,1,2,6,21.0043,7.18882,10.5903,30.9135,11.5,0,11.5,11.5,0,0,0,0,9,0,9,9,11.5,0,11.5,11.5,1.02544,0.193613,0.872239,1.49546,
2,2,2,6,21.2691,7.21968,10.8599,32.1992,11.5,0,11.5,11.5,0,0,0,0,9,0,9,9,11.5,0,11.5,11.5,1.06718,0.164331,0.854382,1.39187,
2,3,2,6,51.1086,33.7166,11.109,89.2019,11.5,0,11.5,11.5,0,0,0,0,9,0,9,9,11.5,0,11.5,11.5,25.2218,31.0134,1.48027,101.889,
2,4,3,6,13.6869,5.82588,5.95275,24.3813,11.5,0,11.5,11.5,0,0,0,0,9,0,9,9,11.5,0,11.5,11.5,3.1524,6.8394,0.869649,24.8347,
