Time,ueId,assoCell,compCell,taskCount,succCount,upWlMea,upWlStd,upWlMin,upWlMax,upWdMea,upWdStd,upWdMin,upWdMax,queMea,queStd,queMin,queMax,compMea, compStd, compMin, compMax,dnWdMea, dnWdStd, dnWdMin, dnWdMax,dnWlMea,dnWlStd, dnWlMin, dnWlMax,e2eMea,e2eStd,e2eMin,e2eMax
1.1,15,5,7,5,5,0,0,0,0,0,0,0,0,0,0,0,0,4.166,0,4.166,4.166,6.50116,0,6.50116,6.50116,4.06498,0.111803,4.01498,4.26498,14.7321,0.111803,14.6821,14.9321,
1.1,19,6,8,5,5,0,0,0,0,0,0,0,0,0,0,0,0,4.166,0,4.166,4.166,6.50116,0,6.50116,6.50116,3.07926,0.223607,2.97926,3.47926,13.7464,0.223607,13.6464,14.1464,
1.1,8,3,3,5,5,0,0,0,0,0,0,0,0,0,0,0,0,4.166,0,4.166,4.166,0,0,0,0,4.19471,0.399298,4.01614,4.909,8.36071,0.399298,8.18214,9.075,
1.1,3,2,6,5,5,0,0,0,0,0,0,0,0,0,0,0,0,8.333,0,8.333,8.333,0.50072,0,0.50072,0.50072,2.94842,0.223607,2.84842,3.34842,11.7821,0.223607,11.6821,12.1821,
1.1,7,3,6,5,5,0,0,0,0,0,0,0,0,0,0,0,0,8.333,0,8.333,8.333,0.50072,0,0.50072,0.50072,4.29128,0.431242,4.09842,5.06271,13.125,0.431242,12.9321,13.8964,
