Time,ueId,assoCell,compCell,upWlMea,upWlStd,upWlMin,upWlMax,upWdMea,upWdStd,upWdMin,upWdMax,queMea,queStd,queMin,queMax,compMea, compStd, compMin, compMax,dnWdMea, dnWdStd, dnWdMin, dnWdMax,dnWlMea,dnWlStd, dnWlMin, dnWlMax
1,2,3,4,6.09294,0,6.09294,6.09294,6.5,0,6.5,6.5,0,0,0,0,4,0,4,4,6.50116,0,6.50116,6.50116,5.72733,0,5.72733,5.72733,
1.1,1,2,4,6.09294,0,6.09294,6.09294,6.5,0,6.5,6.5,0,0,0,0,4,0,4,4,6.50116,0,6.50116,6.50116,5.72733,0,5.72733,5.72733,
1.1,2,3,4,6.09294,0,6.09294,6.09294,6.5,0,6.5,6.5,0,0,0,0,4,0,4,4,6.50116,0,6.50116,6.50116,5.72733,0,5.72733,5.72733,
1.2,1,2,4,6.59649,0.872185,6.09294,7.6036,6.5,0,6.5,6.5,0,0,0,0,2.66667,1.1547,2,4,6.50116,0,6.50116,6.50116,11.0393,7.87979,6.48452,20.138,
1.3,1,2,6,6.20275,0,6.20275,6.20275,11.5,0,11.5,11.5,0,0,0,0,2,0,2,2,11.5012,0,11.5012,11.5012,6.99252,0,6.99252,6.99252,
1.4,1,2,6,5.95008,0,5.95008,5.95008,11.5,0,11.5,11.5,0,0,0,0,2,0,2,2,11.5012,0,11.5012,11.5012,6.56662,0.58766,6.22733,7.24519,
1.6,2,3,5,6.09294,0,6.09294,6.09294,6.5,0,6.5,6.5,0,0,0,0,2.66667,1.1547,2,4,6.14891e+12,1.06502e+13,6.50116,1.84467e+13,374.29,638.369,5.72733,1111.41,
