Time,ueId,assoCell,compCell,taskCount,succCount,upWlMea,upWlStd,upWlMin,upWlMax,upWdMea,upWdStd,upWdMin,upWdMax,queMea,queStd,queMin,queMax,compMea, compStd, compMin, compMax,dnWdMea, dnWdStd, dnWdMin, dnWdMax,dnWlMea,dnWlStd, dnWlMin, dnWlMax,e2eMea,e2eStd,e2eMin,e2eMax
1,6,3,4,5,5,0,0,0,0,0,0,0,0,0,0,0,0,2,0,2,2,6.50116,0,6.50116,6.50116,2.64884,0.33541,2.49884,3.24884,11.15,0.33541,11,11.75,
1,4,2,5,5,4,0,0,0,0,0,0,0,0,0,0,0,0,2,0,2,2,6.50116,0,6.50116,6.50116,6.33098,3.68908,2.80241,11.8024,14.8321,3.68908,11.3036,20.3036,
1,1,2,6,4,4,0,0,0,0,0,0,0,0,0,0,0,0,2,0,2,2,11.5012,0,11.5012,11.5012,2.58812,0,2.58812,2.58812,16.0893,0,16.0893,16.0893,
1,2,2,2,6,6,0,0,0,0,0,0,0,0,0,0,0,0,2,0,2,2,0,0,0,0,3.95893,3.63998,2.37857,11.3786,5.95893,3.63998,4.37857,13.3786,
1,7,3,3,6,6,0,0,0,0,0,0,0,0,0,0,0,0,2,0,2,2,0,0,0,0,3.05119,1.46013,2.36071,6.00357,5.05119,1.46013,4.36071,8.00357,
